State,County,Count
AL,Autauga County,267
AL,Baldwin County,267
AL,Barbour County,267
AL,Bibb County,267
AL,Blount County,267
AL,Bullock County,267
AL,Butler County,267
AL,Calhoun County,267
AL,Chambers County,267
AL,Cherokee County,267
AL,Chilton County,267
AL,Choctaw County,267
AL,Clarke County,267
AL,Clay County,267
AL,Cleburne County,267
AL,Coffee County,267
AL,Colbert County,267
AL,Conecuh County,267
AL,Coosa County,267
AL,Covington County,267
AL,Crenshaw County,267
AL,Cullman County,267
AL,Dale County,267
AL,Dallas County,267
AL,DeKalb County,267
AL,Elmore County,267
AL,Escambia County,267
AL,Etowah County,267
AL,Fayette County,267
AL,Franklin County,267
AL,Geneva County,267
AL,Greene County,267
AL,Hale County,267
AL,Henry County,267
AL,Houston County,267
AL,Jackson County,267
AL,Jefferson County,267
AL,Lamar County,267
AL,Lauderdale County,267
AL,Lawrence County,267
AL,Lee County,267
AL,Limestone County,267
AL,Lowndes County,267
AL,Macon County,267
AL,Madison County,267
AL,Marengo County,267
AL,Marion County,267
AL,Marshall County,267
AL,Mobile County,267
AL,Monroe County,267
AL,Montgomery County,267
AL,Morgan County,267
AL,Perry County,267
AL,Pickens County,267
AL,Pike County,267
AL,Randolph County,267
AL,Russell County,267
AL,St. Clair County,267
AL,Shelby County,267
AL,Sumter County,267
AL,Talladega County,267
AL,Tallapoosa County,267
AL,Tuscaloosa County,267
AL,Walker County,267
AL,Washington County,267
AL,Wilcox County,267
AL,Winston County,267
AR,Arkansas County,254
AR,Ashley County,254
AR,Baxter County,254
AR,Benton County,254
AR,Boone County,254
AR,Bradley County,254
AR,Calhoun County,254
AR,Carroll County,254
AR,Chicot County,254
AR,Clark County,254
AR,Clay County,254
AR,Cleburne County,254
AR,Cleveland County,254
AR,Columbia County,254
AR,Conway County,254
AR,Craighead County,254
AR,Crawford County,254
AR,Crittenden County,254
AR,Cross County,254
AR,Dallas County,254
AR,Desha County,254
AR,Drew County,254
AR,Faulkner County,254
AR,Franklin County,254
AR,Fulton County,254
AR,Garland County,254
AR,Grant County,254
AR,Greene County,254
AR,Hempstead County,254
AR,Hot Spring County,254
AR,Howard County,254
AR,Independence County,254
AR,Izard County,254
AR,Jackson County,254
AR,Jefferson County,254
AR,Johnson County,254
AR,Lafayette County,254
AR,Lawrence County,254
AR,Lee County,254
AR,Lincoln County,254
AR,Little River County,254
AR,Logan County,254
AR,Lonoke County,254
AR,Madison County,254
AR,Marion County,254
AR,Miller County,254
AR,Mississippi County,254
AR,Monroe County,254
AR,Montgomery County,254
AR,Nevada County,254
AR,Newton County,254
AR,Ouachita County,254
AR,Perry County,254
AR,Phillips County,254
AR,Pike County,254
AR,Poinsett County,254
AR,Polk County,254
AR,Pope County,254
AR,Prairie County,254
AR,Pulaski County,254
AR,Randolph County,254
AR,St. Francis County,254
AR,Saline County,254
AR,Scott County,254
AR,Searcy County,254
AR,Sebastian County,254
AR,Sevier County,254
AR,Sharp County,254
AR,Stone County,254
AR,Union County,254
AR,Van Buren County,254
AR,Washington County,254
AR,White County,254
AR,Woodruff County,254
AR,Yell County,254
CA,Alameda County,424
CA,Alpine County,424
CA,Amador County,424
CA,Butte County,424
CA,Calaveras County,424
CA,Colusa County,424
CA,Contra Costa County,424
CA,Del Norte County,424
CA,El Dorado County,424
CA,Fresno County,424
CA,Glenn County,424
CA,Humboldt County,424
CA,Imperial County,424
CA,Inyo County,424
CA,Kern County,424
CA,Kings County,424
CA,Lake County,424
CA,Lassen County,424
CA,Los Angeles County,424
CA,Madera County,424
CA,Marin County,424
CA,Mariposa County,424
CA,Mendocino County,424
CA,Merced County,424
CA,Modoc County,424
CA,Mono County,424
CA,Monterey County,424
CA,Napa County,424
CA,Nevada County,424
CA,Orange County,424
CA,Placer County,424
CA,Plumas County,424
CA,Riverside County,424
CA,Sacramento County,424
CA,San Benito County,424
CA,San Bernardino County,424
CA,San Diego County,424
CA,San Francisco County,424
CA,San Joaquin County,424
CA,San Luis Obispo County,424
CA,San Mateo County,424
CA,Santa Barbara County,424
CA,Santa Clara County,424
CA,Santa Cruz County,424
CA,Shasta County,424
CA,Sierra County,424
CA,Siskiyou County,424
CA,Solano County,424
CA,Sonoma County,424
CA,Stanislaus County,424
CA,Sutter County,424
CA,Tehama County,424
CA,Trinity County,424
CA,Tulare County,424
CA,Tuolumne County,424
CA,Ventura County,424
CA,Yolo County,424
CA,Yuba County,424
CO,Adams County,261
CO,Alamosa County,261
CO,Arapahoe County,261
CO,Archuleta County,261
CO,Baca County,261
CO,Bent County,261
CO,Boulder County,261
CO,Broomfield County,261
CO,Chaffee County,261
CO,Cheyenne County,261
CO,Clear Creek County,261
CO,Conejos County,261
CO,Costilla County,261
CO,Crowley County,261
CO,Custer County,261
CO,Delta County,261
CO,Denver County,261
CO,Dolores County,261
CO,Douglas County,261
CO,Eagle County,261
CO,Elbert County,261
CO,El Paso County,261
CO,Fremont County,261
CO,Garfield County,261
CO,Gilpin County,261
CO,Grand County,261
CO,Gunnison County,261
CO,Hinsdale County,261
CO,Huerfano County,261
CO,Jackson County,261
CO,Jefferson County,261
CO,Kiowa County,261
CO,Kit Carson County,261
CO,Lake County,261
CO,La Plata County,261
CO,Larimer County,261
CO,Las Animas County,261
CO,Lincoln County,261
CO,Logan County,261
CO,Mesa County,261
CO,Mineral County,261
CO,Moffat County,261
CO,Montezuma County,261
CO,Montrose County,261
CO,Morgan County,261
CO,Otero County,261
CO,Ouray County,261
CO,Park County,261
CO,Phillips County,261
CO,Pitkin County,261
CO,Prowers County,261
CO,Pueblo County,261
CO,Rio Blanco County,261
CO,Rio Grande County,261
CO,Routt County,261
CO,Saguache County,261
CO,San Juan County,261
CO,San Miguel County,261
CO,Sedgwick County,261
CO,Summit County,261
CO,Teller County,261
CO,Washington County,261
CO,Weld County,261
CO,Yuma County,261
CT,Fairfield County,483
CT,Hartford County,483
CT,Litchfield County,483
CT,Middlesex County,483
CT,New Haven County,483
CT,New London County,483
CT,Tolland County,483
CT,Windham County,483
DC,District of Columbia,386
DE,Kent County,411
DE,New Castle County,411
DE,Sussex County,411
HI,Hawaii County,486
HI,Honolulu County,486
HI,Kalawao County,486
HI,Kauai County,486
HI,Maui County,486
IL,Adams County,406
IL,Alexander County,406
IL,Bond County,406
IL,Boone County,406
IL,Brown County,406
IL,Bureau County,406
IL,Calhoun County,406
IL,Carroll County,406
IL,Cass County,406
IL,Champaign County,406
IL,Christian County,406
IL,Clark County,406
IL,Clay County,406
IL,Clinton County,406
IL,Coles County,406
IL,Cook County,406
IL,Crawford County,406
IL,Cumberland County,406
IL,DeKalb County,406
IL,De Witt County,406
IL,Douglas County,406
IL,DuPage County,406
IL,Edgar County,406
IL,Edwards County,406
IL,Effingham County,406
IL,Fayette County,406
IL,Ford County,406
IL,Franklin County,406
IL,Fulton County,406
IL,Gallatin County,406
IL,Greene County,406
IL,Grundy County,406
IL,Hamilton County,406
IL,Hancock County,406
IL,Hardin County,406
IL,Henderson County,406
IL,Henry County,406
IL,Iroquois County,406
IL,Jackson County,406
IL,Jasper County,406
IL,Jefferson County,406
IL,Jersey County,406
IL,Jo Daviess County,406
IL,Johnson County,406
IL,Kane County,406
IL,Kankakee County,406
IL,Kendall County,406
IL,Knox County,406
IL,Lake County,406
IL,LaSalle County,406
IL,Lawrence County,406
IL,Lee County,406
IL,Livingston County,406
IL,Logan County,406
IL,McDonough County,406
IL,McHenry County,406
IL,McLean County,406
IL,Macon County,406
IL,Macoupin County,406
IL,Madison County,406
IL,Marion County,406
IL,Marshall County,406
IL,Mason County,406
IL,Massac County,406
IL,Menard County,406
IL,Mercer County,406
IL,Monroe County,406
IL,Montgomery County,406
IL,Morgan County,406
IL,Moultrie County,406
IL,Ogle County,406
IL,Peoria County,406
IL,Perry County,406
IL,Piatt County,406
IL,Pike County,406
IL,Pope County,406
IL,Pulaski County,406
IL,Putnam County,406
IL,Randolph County,406
IL,Richland County,406
IL,Rock Island County,406
IL,St. Clair County,406
IL,Saline County,406
IL,Sangamon County,406
IL,Schuyler County,406
IL,Scott County,406
IL,Shelby County,406
IL,Stark County,406
IL,Stephenson County,406
IL,Tazewell County,406
IL,Union County,406
IL,Vermilion County,406
IL,Wabash County,406
IL,Warren County,406
IL,Washington County,406
IL,Wayne County,406
IL,White County,406
IL,Whiteside County,406
IL,Will County,406
IL,Williamson County,406
IL,Winnebago County,406
IL,Woodford County,406
IN,Adams County,253
IN,Allen County,253
IN,Bartholomew County,253
IN,Benton County,253
IN,Blackford County,253
IN,Boone County,253
IN,Brown County,253
IN,Carroll County,253
IN,Cass County,253
IN,Clark County,253
IN,Clay County,253
IN,Clinton County,253
IN,Crawford County,253
IN,Daviess County,253
IN,Dearborn County,253
IN,Decatur County,253
IN,DeKalb County,253
IN,Delaware County,253
IN,Dubois County,253
IN,Elkhart County,253
IN,Fayette County,253
IN,Floyd County,253
IN,Fountain County,253
IN,Franklin County,253
IN,Fulton County,253
IN,Gibson County,253
IN,Grant County,253
IN,Greene County,253
IN,Hamilton County,253
IN,Hancock County,253
IN,Harrison County,253
IN,Hendricks County,253
IN,Henry County,253
IN,Howard County,253
IN,Huntington County,253
IN,Jackson County,253
IN,Jasper County,253
IN,Jay County,253
IN,Jefferson County,253
IN,Jennings County,253
IN,Johnson County,253
IN,Knox County,253
IN,Kosciusko County,253
IN,LaGrange County,253
IN,Lake County,253
IN,LaPorte County,253
IN,Lawrence County,253
IN,Madison County,253
IN,Marion County,253
IN,Marshall County,253
IN,Martin County,253
IN,Miami County,253
IN,Monroe County,253
IN,Montgomery County,253
IN,Morgan County,253
IN,Newton County,253
IN,Noble County,253
IN,Ohio County,253
IN,Orange County,253
IN,Owen County,253
IN,Parke County,253
IN,Perry County,253
IN,Pike County,253
IN,Porter County,253
IN,Posey County,253
IN,Pulaski County,253
IN,Putnam County,253
IN,Randolph County,253
IN,Ripley County,253
IN,Rush County,253
IN,St. Joseph County,253
IN,Scott County,253
IN,Shelby County,253
IN,Spencer County,253
IN,Starke County,253
IN,Steuben County,253
IN,Sullivan County,253
IN,Switzerland County,253
IN,Tippecanoe County,253
IN,Tipton County,253
IN,Union County,253
IN,Vanderburgh County,253
IN,Vermillion County,253
IN,Vigo County,253
IN,Wabash County,253
IN,Warren County,253
IN,Warrick County,253
IN,Washington County,253
IN,Wayne County,253
IN,Wells County,253
IN,White County,253
IN,Whitley County,253
IA,Adair County,82
IA,Adams County,82
IA,Allamakee County,82
IA,Appanoose County,82
IA,Audubon County,82
IA,Benton County,82
IA,Black Hawk County,82
IA,Boone County,82
IA,Bremer County,82
IA,Buchanan County,82
IA,Buena Vista County,82
IA,Butler County,82
IA,Calhoun County,82
IA,Carroll County,82
IA,Cass County,82
IA,Cedar County,82
IA,Cerro Gordo County,82
IA,Cherokee County,82
IA,Chickasaw County,82
IA,Clarke County,82
IA,Clay County,82
IA,Clayton County,82
IA,Clinton County,82
IA,Crawford County,82
IA,Dallas County,82
IA,Davis County,82
IA,Decatur County,82
IA,Delaware County,82
IA,Des Moines County,82
IA,Dickinson County,82
IA,Dubuque County,82
IA,Emmet County,82
IA,Fayette County,82
IA,Floyd County,82
IA,Franklin County,82
IA,Fremont County,82
IA,Greene County,82
IA,Grundy County,82
IA,Guthrie County,82
IA,Hamilton County,82
IA,Hancock County,82
IA,Hardin County,82
IA,Harrison County,82
IA,Henry County,82
IA,Howard County,82
IA,Humboldt County,82
IA,Ida County,82
IA,Iowa County,82
IA,Jackson County,82
IA,Jasper County,82
IA,Jefferson County,82
IA,Johnson County,82
IA,Jones County,82
IA,Keokuk County,82
IA,Kossuth County,82
IA,Lee County,82
IA,Linn County,82
IA,Louisa County,82
IA,Lucas County,82
IA,Lyon County,82
IA,Madison County,82
IA,Mahaska County,82
IA,Marion County,82
IA,Marshall County,82
IA,Mills County,82
IA,Mitchell County,82
IA,Monona County,82
IA,Monroe County,82
IA,Montgomery County,82
IA,Muscatine County,82
IA,O'Brien County,82
IA,Osceola County,82
IA,Page County,82
IA,Palo Alto County,82
IA,Plymouth County,82
IA,Pocahontas County,82
IA,Polk County,82
IA,Pottawattamie County,82
IA,Poweshiek County,82
IA,Ringgold County,82
IA,Sac County,82
IA,Scott County,82
IA,Shelby County,82
IA,Sioux County,82
IA,Story County,82
IA,Tama County,82
IA,Taylor County,82
IA,Union County,82
IA,Van Buren County,82
IA,Wapello County,82
IA,Warren County,82
IA,Washington County,82
IA,Wayne County,82
IA,Webster County,82
IA,Winnebago County,82
IA,Winneshiek County,82
IA,Woodbury County,82
IA,Worth County,82
IA,Wright County,82
KS,Allen County,271
KS,Anderson County,271
KS,Atchison County,271
KS,Barber County,271
KS,Barton County,271
KS,Bourbon County,271
KS,Brown County,271
KS,Butler County,271
KS,Chase County,271
KS,Chautauqua County,271
KS,Cherokee County,271
KS,Cheyenne County,271
KS,Clark County,271
KS,Clay County,271
KS,Cloud County,271
KS,Coffey County,271
KS,Comanche County,271
KS,Cowley County,271
KS,Crawford County,271
KS,Decatur County,271
KS,Dickinson County,271
KS,Doniphan County,271
KS,Douglas County,271
KS,Edwards County,271
KS,Elk County,271
KS,Ellis County,271
KS,Ellsworth County,271
KS,Finney County,271
KS,Ford County,271
KS,Franklin County,271
KS,Geary County,271
KS,Gove County,271
KS,Graham County,271
KS,Grant County,271
KS,Gray County,271
KS,Greeley County,271
KS,Greenwood County,271
KS,Hamilton County,271
KS,Harper County,271
KS,Harvey County,271
KS,Haskell County,271
KS,Hodgeman County,271
KS,Jackson County,271
KS,Jefferson County,271
KS,Jewell County,271
KS,Johnson County,271
KS,Kearny County,271
KS,Kingman County,271
KS,Kiowa County,271
KS,Labette County,271
KS,Lane County,271
KS,Leavenworth County,271
KS,Lincoln County,271
KS,Linn County,271
KS,Logan County,271
KS,Lyon County,271
KS,McPherson County,271
KS,Marion County,271
KS,Marshall County,271
KS,Meade County,271
KS,Miami County,271
KS,Mitchell County,271
KS,Montgomery County,271
KS,Morris County,271
KS,Morton County,271
KS,Nemaha County,271
KS,Neosho County,271
KS,Ness County,271
KS,Norton County,271
KS,Osage County,271
KS,Osborne County,271
KS,Ottawa County,271
KS,Pawnee County,271
KS,Phillips County,271
KS,Pottawatomie County,271
KS,Pratt County,271
KS,Rawlins County,271
KS,Reno County,271
KS,Republic County,271
KS,Rice County,271
KS,Riley County,271
KS,Rooks County,271
KS,Rush County,271
KS,Russell County,271
KS,Saline County,271
KS,Scott County,271
KS,Sedgwick County,271
KS,Seward County,271
KS,Shawnee County,271
KS,Sheridan County,271
KS,Sherman County,271
KS,Smith County,271
KS,Stafford County,271
KS,Stanton County,271
KS,Stevens County,271
KS,Sumner County,271
KS,Thomas County,271
KS,Trego County,271
KS,Wabaunsee County,271
KS,Wallace County,271
KS,Washington County,271
KS,Wichita County,271
KS,Wilson County,271
KS,Woodson County,271
KS,Wyandotte County,271
KY,Adair County,336
KY,Allen County,336
KY,Anderson County,336
KY,Ballard County,336
KY,Barren County,336
KY,Bath County,336
KY,Bell County,336
KY,Boone County,336
KY,Bourbon County,336
KY,Boyd County,336
KY,Boyle County,336
KY,Bracken County,336
KY,Breathitt County,336
KY,Breckinridge County,336
KY,Bullitt County,336
KY,Butler County,336
KY,Caldwell County,336
KY,Calloway County,336
KY,Campbell County,336
KY,Carlisle County,336
KY,Carroll County,336
KY,Carter County,336
KY,Casey County,336
KY,Christian County,336
KY,Clark County,336
KY,Clay County,336
KY,Clinton County,336
KY,Crittenden County,336
KY,Cumberland County,336
KY,Daviess County,336
KY,Edmonson County,336
KY,Elliott County,336
KY,Estill County,336
KY,Fayette County,336
KY,Fleming County,336
KY,Floyd County,336
KY,Franklin County,336
KY,Fulton County,336
KY,Gallatin County,336
KY,Garrard County,336
KY,Grant County,336
KY,Graves County,336
KY,Grayson County,336
KY,Green County,336
KY,Greenup County,336
KY,Hancock County,336
KY,Hardin County,336
KY,Harlan County,336
KY,Harrison County,336
KY,Hart County,336
KY,Henderson County,336
KY,Henry County,336
KY,Hickman County,336
KY,Hopkins County,336
KY,Jackson County,336
KY,Jefferson County,336
KY,Jessamine County,336
KY,Johnson County,336
KY,Kenton County,336
KY,Knott County,336
KY,Knox County,336
KY,Larue County,336
KY,Laurel County,336
KY,Lawrence County,336
KY,Lee County,336
KY,Leslie County,336
KY,Letcher County,336
KY,Lewis County,336
KY,Lincoln County,336
KY,Livingston County,336
KY,Logan County,336
KY,Lyon County,336
KY,McCracken County,336
KY,McCreary County,336
KY,McLean County,336
KY,Madison County,336
KY,Magoffin County,336
KY,Marion County,336
KY,Marshall County,336
KY,Martin County,336
KY,Mason County,336
KY,Meade County,336
KY,Menifee County,336
KY,Mercer County,336
KY,Metcalfe County,336
KY,Monroe County,336
KY,Montgomery County,336
KY,Morgan County,336
KY,Muhlenberg County,336
KY,Nelson County,336
KY,Nicholas County,336
KY,Ohio County,336
KY,Oldham County,336
KY,Owen County,336
KY,Owsley County,336
KY,Pendleton County,336
KY,Perry County,336
KY,Pike County,336
KY,Powell County,336
KY,Pulaski County,336
KY,Robertson County,336
KY,Rockcastle County,336
KY,Rowan County,336
KY,Russell County,336
KY,Scott County,336
KY,Shelby County,336
KY,Simpson County,336
KY,Spencer County,336
KY,Taylor County,336
KY,Todd County,336
KY,Trigg County,336
KY,Trimble County,336
KY,Union County,336
KY,Warren County,336
KY,Washington County,336
KY,Wayne County,336
KY,Webster County,336
KY,Whitley County,336
KY,Wolfe County,336
KY,Woodford County,336
LA,Acadia Parish,301
LA,Allen Parish,301
LA,Ascension Parish,301
LA,Assumption Parish,301
LA,Avoyelles Parish,301
LA,Beauregard Parish,301
LA,Bienville Parish,301
LA,Bossier Parish,301
LA,Caddo Parish,301
LA,Calcasieu Parish,301
LA,Caldwell Parish,301
LA,Cameron Parish,301
LA,Catahoula Parish,301
LA,Claiborne Parish,301
LA,Concordia Parish,301
LA,De Soto Parish,301
LA,East Baton Rouge Parish,301
LA,East Carroll Parish,301
LA,East Feliciana Parish,301
LA,Evangeline Parish,301
LA,Franklin Parish,301
LA,Grant Parish,301
LA,Iberia Parish,301
LA,Iberville Parish,301
LA,Jackson Parish,301
LA,Jefferson Parish,301
LA,Jefferson Davis Parish,301
LA,Lafayette Parish,301
LA,Lafourche Parish,301
LA,LaSalle Parish,301
LA,Lincoln Parish,301
LA,Livingston Parish,301
LA,Madison Parish,301
LA,Morehouse Parish,301
LA,Natchitoches Parish,301
LA,Orleans Parish,301
LA,Ouachita Parish,301
LA,Plaquemines Parish,301
LA,Pointe Coupee Parish,301
LA,Rapides Parish,301
LA,Red River Parish,301
LA,Richland Parish,301
LA,Sabine Parish,301
LA,St. Bernard Parish,301
LA,St. Charles Parish,301
LA,St. Helena Parish,301
LA,St. James Parish,301
LA,St. John the Baptist Parish,301
LA,St. Landry Parish,301
LA,St. Martin Parish,301
LA,St. Mary Parish,301
LA,St. Tammany Parish,301
LA,Tangipahoa Parish,301
LA,Tensas Parish,301
LA,Terrebonne Parish,301
LA,Union Parish,301
LA,Vermilion Parish,301
LA,Vernon Parish,301
LA,Washington Parish,301
LA,Webster Parish,301
LA,West Baton Rouge Parish,301
LA,West Carroll Parish,301
LA,West Feliciana Parish,301
LA,Winn Parish,301
ME,Androscoggin County,388
ME,Aroostook County,388
ME,Cumberland County,388
ME,Franklin County,388
ME,Hancock County,388
ME,Kennebec County,388
ME,Knox County,388
ME,Lincoln County,388
ME,Oxford County,388
ME,Penobscot County,388
ME,Piscataquis County,388
ME,Sagadahoc County,388
ME,Somerset County,388
ME,Waldo County,388
ME,Washington County,388
ME,York County,388
MD,Allegany County,392
MD,Anne Arundel County,392
MD,Baltimore County,392
MD,Calvert County,392
MD,Caroline County,392
MD,Carroll County,392
MD,Cecil County,392
MD,Charles County,392
MD,Dorchester County,392
MD,Frederick County,392
MD,Garrett County,392
MD,Harford County,392
MD,Howard County,392
MD,Kent County,392
MD,Montgomery County,392
MD,Prince George's County,392
MD,Queen Anne's County,392
MD,St. Mary's County,392
MD,Somerset County,392
MD,Talbot County,392
MD,Washington County,392
MD,Wicomico County,392
MD,Worcester County,392
MD,Baltimore city,392
MA,Barnstable County,388
MA,Berkshire County,388
MA,Bristol County,388
MA,Dukes County,388
MA,Essex County,388
MA,Franklin County,388
MA,Hampden County,388
MA,Hampshire County,388
MA,Middlesex County,388
MA,Nantucket County,388
MA,Norfolk County,388
MA,Plymouth County,388
MA,Suffolk County,388
MA,Worcester County,388
MI,Alcona County,419
MI,Alger County,419
MI,Allegan County,419
MI,Alpena County,419
MI,Antrim County,419
MI,Arenac County,419
MI,Baraga County,419
MI,Barry County,419
MI,Bay County,419
MI,Benzie County,419
MI,Berrien County,419
MI,Branch County,419
MI,Calhoun County,419
MI,Cass County,419
MI,Charlevoix County,419
MI,Cheboygan County,419
MI,Chippewa County,419
MI,Clare County,419
MI,Clinton County,419
MI,Crawford County,419
MI,Delta County,419
MI,Dickinson County,419
MI,Eaton County,419
MI,Emmet County,419
MI,Genesee County,419
MI,Gladwin County,419
MI,Gogebic County,419
MI,Grand Traverse County,419
MI,Gratiot County,419
MI,Hillsdale County,419
MI,Houghton County,419
MI,Huron County,419
MI,Ingham County,419
MI,Ionia County,419
MI,Iosco County,419
MI,Iron County,419
MI,Isabella County,419
MI,Jackson County,419
MI,Kalamazoo County,419
MI,Kalkaska County,419
MI,Kent County,419
MI,Keweenaw County,419
MI,Lake County,419
MI,Lapeer County,419
MI,Leelanau County,419
MI,Lenawee County,419
MI,Livingston County,419
MI,Luce County,419
MI,Mackinac County,419
MI,Macomb County,419
MI,Manistee County,419
MI,Marquette County,419
MI,Mason County,419
MI,Mecosta County,419
MI,Menominee County,419
MI,Midland County,419
MI,Missaukee County,419
MI,Monroe County,419
MI,Montcalm County,419
MI,Montmorency County,419
MI,Muskegon County,419
MI,Newaygo County,419
MI,Oakland County,419
MI,Oceana County,419
MI,Ogemaw County,419
MI,Ontonagon County,419
MI,Osceola County,419
MI,Oscoda County,419
MI,Otsego County,419
MI,Ottawa County,419
MI,Presque Isle County,419
MI,Roscommon County,419
MI,Saginaw County,419
MI,St. Clair County,419
MI,St. Joseph County,419
MI,Sanilac County,419
MI,Schoolcraft County,419
MI,Shiawassee County,419
MI,Tuscola County,419
MI,Van Buren County,419
MI,Washtenaw County,419
MI,Wayne County,419
MI,Wexford County,419
MN,Aitkin County,294
MN,Anoka County,294
MN,Becker County,294
MN,Beltrami County,294
MN,Benton County,294
MN,Big Stone County,294
MN,Blue Earth County,294
MN,Brown County,294
MN,Carlton County,294
MN,Carver County,294
MN,Cass County,294
MN,Chippewa County,294
MN,Chisago County,294
MN,Clay County,294
MN,Clearwater County,294
MN,Cook County,294
MN,Cottonwood County,294
MN,Crow Wing County,294
MN,Dakota County,294
MN,Dodge County,294
MN,Douglas County,294
MN,Faribault County,294
MN,Fillmore County,294
MN,Freeborn County,294
MN,Goodhue County,294
MN,Grant County,294
MN,Hennepin County,294
MN,Houston County,294
MN,Hubbard County,294
MN,Isanti County,294
MN,Itasca County,294
MN,Jackson County,294
MN,Kanabec County,294
MN,Kandiyohi County,294
MN,Kittson County,294
MN,Koochiching County,294
MN,Lac qui Parle County,294
MN,Lake County,294
MN,Lake of the Woods County,294
MN,Le Sueur County,294
MN,Lincoln County,294
MN,Lyon County,294
MN,McLeod County,294
MN,Mahnomen County,294
MN,Marshall County,294
MN,Martin County,294
MN,Meeker County,294
MN,Mille Lacs County,294
MN,Morrison County,294
MN,Mower County,294
MN,Murray County,294
MN,Nicollet County,294
MN,Nobles County,294
MN,Norman County,294
MN,Olmsted County,294
MN,Otter Tail County,294
MN,Pennington County,294
MN,Pine County,294
MN,Pipestone County,294
MN,Polk County,294
MN,Pope County,294
MN,Ramsey County,294
MN,Red Lake County,294
MN,Redwood County,294
MN,Renville County,294
MN,Rice County,294
MN,Rock County,294
MN,Roseau County,294
MN,St. Louis County,294
MN,Scott County,294
MN,Sherburne County,294
MN,Sibley County,294
MN,Stearns County,294
MN,Steele County,294
MN,Stevens County,294
MN,Swift County,294
MN,Todd County,294
MN,Traverse County,294
MN,Wabasha County,294
MN,Wadena County,294
MN,Waseca County,294
MN,Washington County,294
MN,Watonwan County,294
MN,Wilkin County,294
MN,Winona County,294
MN,Wright County,294
MN,Yellow Medicine County,294
MS,Adams County,101
MS,Alcorn County,154
MS,Amite County,147
MS,Attala County,154
MS,Benton County,171
MS,Bolivar County,170
MS,Calhoun County,149
MS,Carroll County,184
MS,Chickasaw County,176
MS,Choctaw County,154
MS,Claiborne County,141
MS,Clarke County,138
MS,Clay County,138
MS,Coahoma County,149
MS,Copiah County,138
MS,Covington County,184
MS,DeSoto County,205
MS,Forrest County,205
MS,Franklin County,147
MS,George County,126
MS,Greene County,126
MS,Grenada County,154
MS,Hancock County,126
MS,Harrison County,198
MS,Hinds County,177
MS,Holmes County,149
MS,Humphreys County,173
MS,Issaquena County,56
MS,Itawamba County,183
MS,Jackson County,205
MS,Jasper County,126
MS,Jefferson County,117
MS,Jefferson Davis County,154
MS,Jones County,171
MS,Kemper County,147
MS,Lafayette County,154
MS,Lamar County,200
MS,Lauderdale County,168
MS,Lawrence County,108
MS,Leake County,141
MS,Lee County,191
MS,Leflore County,170
MS,Lincoln County,154
MS,Lowndes County,156
MS,Madison County,192
MS,Marion County,138
MS,Marshall County,182
MS,Monroe County,147
MS,Montgomery County,172
MS,Neshoba County,176
MS,Newton County,126
MS,Noxubee County,149
MS,Oktibbeha County,147
MS,Panola County,170
MS,Pearl River County,138
MS,Perry County,154
MS,Pike County,126
MS,Pontotoc County,163
MS,Prentiss County,154
MS,Quitman County,106
MS,Rankin County,184
MS,Scott County,147
MS,Sharkey County,72
MS,Simpson County,154
MS,Smith County,126
MS,Stone County,154
MS,Sunflower County,152
MS,Tallahatchie County,142
MS,Tate County,177
MS,Tippah County,154
MS,Tishomingo County,154
MS,Tunica County,103
MS,Union County,154
MS,Walthall County,142
MS,Warren County,126
MS,Washington County,163
MS,Wayne County,142
MS,Webster County,138
MS,Wilkinson County,80
MS,Winston County,172
MS,Yalobusha County,179
MS,Yazoo County,138
MT,Beaverhead County,212
MT,Big Horn County,212
MT,Blaine County,212
MT,Broadwater County,212
MT,Carbon County,212
MT,Carter County,212
MT,Cascade County,212
MT,Chouteau County,212
MT,Custer County,212
MT,Daniels County,212
MT,Dawson County,212
MT,Deer Lodge County,212
MT,Fallon County,212
MT,Fergus County,212
MT,Flathead County,212
MT,Gallatin County,212
MT,Garfield County,212
MT,Glacier County,212
MT,Golden Valley County,212
MT,Granite County,212
MT,Hill County,212
MT,Jefferson County,212
MT,Judith Basin County,212
MT,Lake County,212
MT,Lewis and Clark County,212
MT,Liberty County,212
MT,Lincoln County,212
MT,McCone County,212
MT,Madison County,212
MT,Meagher County,212
MT,Mineral County,212
MT,Missoula County,212
MT,Musselshell County,212
MT,Park County,212
MT,Petroleum County,212
MT,Phillips County,212
MT,Pondera County,212
MT,Powder River County,212
MT,Powell County,212
MT,Prairie County,212
MT,Ravalli County,212
MT,Richland County,212
MT,Roosevelt County,212
MT,Rosebud County,212
MT,Sanders County,212
MT,Sheridan County,212
MT,Silver Bow County,212
MT,Stillwater County,212
MT,Sweet Grass County,212
MT,Teton County,212
MT,Toole County,212
MT,Treasure County,212
MT,Valley County,212
MT,Wheatland County,212
MT,Wibaux County,212
MT,Yellowstone County,212
NV,Churchill County,418
NV,Clark County,418
NV,Douglas County,418
NV,Elko County,418
NV,Esmeralda County,418
NV,Eureka County,418
NV,Humboldt County,418
NV,Lander County,418
NV,Lincoln County,418
NV,Lyon County,418
NV,Mineral County,418
NV,Nye County,418
NV,Pershing County,418
NV,Storey County,418
NV,Washoe County,418
NV,White Pine County,418
NV,Carson City,418
NH,Belknap County,148
NH,Carroll County,148
NH,Cheshire County,148
NH,Coos County,148
NH,Grafton County,148
NH,Hillsborough County,148
NH,Merrimack County,148
NH,Rockingham County,148
NH,Strafford County,148
NH,Sullivan County,148
NJ,Atlantic County,413
NJ,Bergen County,413
NJ,Burlington County,413
NJ,Camden County,413
NJ,Cape May County,413
NJ,Cumberland County,413
NJ,Essex County,413
NJ,Gloucester County,413
NJ,Hudson County,413
NJ,Hunterdon County,413
NJ,Mercer County,413
NJ,Middlesex County,413
NJ,Monmouth County,413
NJ,Morris County,413
NJ,Ocean County,413
NJ,Passaic County,413
NJ,Salem County,413
NJ,Somerset County,413
NJ,Sussex County,413
NJ,Union County,413
NJ,Warren County,413
NM,Bernalillo County,458
NM,Catron County,458
NM,Chaves County,458
NM,Cibola County,441
NM,Colfax County,458
NM,Curry County,458
NM,De Baca County,458
NM,Doña Ana County,458
NM,Eddy County,458
NM,Grant County,458
NM,Guadalupe County,458
NM,Harding County,458
NM,Hidalgo County,458
NM,Lea County,458
NM,Lincoln County,458
NM,Los Alamos County,458
NM,Luna County,458
NM,McKinley County,441
NM,Mora County,458
NM,Otero County,458
NM,Quay County,458
NM,Rio Arriba County,458
NM,Roosevelt County,458
NM,Sandoval County,458
NM,San Juan County,441
NM,San Miguel County,458
NM,Santa Fe County,458
NM,Sierra County,458
NM,Socorro County,458
NM,Taos County,458
NM,Torrance County,458
NM,Union County,458
NM,Valencia County,458
NY,Albany County,434
NY,Allegany County,434
NY,Bronx County,434
NY,Broome County,434
NY,Cattaraugus County,434
NY,Cayuga County,434
NY,Chautauqua County,434
NY,Chemung County,434
NY,Chenango County,434
NY,Clinton County,434
NY,Columbia County,434
NY,Cortland County,434
NY,Delaware County,434
NY,Dutchess County,434
NY,Erie County,434
NY,Essex County,434
NY,Franklin County,434
NY,Fulton County,434
NY,Genesee County,434
NY,Greene County,434
NY,Hamilton County,434
NY,Herkimer County,434
NY,Jefferson County,434
NY,Kings County,434
NY,Lewis County,434
NY,Livingston County,434
NY,Madison County,434
NY,Monroe County,434
NY,Montgomery County,434
NY,Nassau County,434
NY,New York County,434
NY,Niagara County,434
NY,Oneida County,434
NY,Onondaga County,434
NY,Ontario County,434
NY,Orange County,434
NY,Orleans County,434
NY,Oswego County,434
NY,Otsego County,434
NY,Putnam County,434
NY,Queens County,434
NY,Rensselaer County,434
NY,Richmond County,434
NY,Rockland County,434
NY,St. Lawrence County,434
NY,Saratoga County,434
NY,Schenectady County,434
NY,Schoharie County,434
NY,Schuyler County,434
NY,Seneca County,434
NY,Steuben County,434
NY,Suffolk County,434
NY,Sullivan County,434
NY,Tioga County,434
NY,Tompkins County,434
NY,Ulster County,434
NY,Warren County,434
NY,Washington County,434
NY,Wayne County,434
NY,Westchester County,434
NY,Wyoming County,434
NY,Yates County,434
NC,Alamance County,322
NC,Alexander County,322
NC,Alleghany County,322
NC,Anson County,322
NC,Ashe County,322
NC,Avery County,322
NC,Beaufort County,322
NC,Bertie County,322
NC,Bladen County,322
NC,Brunswick County,322
NC,Buncombe County,322
NC,Burke County,322
NC,Cabarrus County,322
NC,Caldwell County,322
NC,Camden County,322
NC,Carteret County,322
NC,Caswell County,322
NC,Catawba County,322
NC,Chatham County,322
NC,Cherokee County,322
NC,Chowan County,322
NC,Clay County,322
NC,Cleveland County,322
NC,Columbus County,322
NC,Craven County,322
NC,Cumberland County,322
NC,Currituck County,322
NC,Dare County,322
NC,Davidson County,322
NC,Davie County,322
NC,Duplin County,322
NC,Durham County,322
NC,Edgecombe County,322
NC,Forsyth County,322
NC,Franklin County,322
NC,Gaston County,322
NC,Gates County,322
NC,Graham County,322
NC,Granville County,322
NC,Greene County,322
NC,Guilford County,322
NC,Halifax County,322
NC,Harnett County,322
NC,Haywood County,322
NC,Henderson County,322
NC,Hertford County,322
NC,Hoke County,322
NC,Hyde County,322
NC,Iredell County,322
NC,Jackson County,322
NC,Johnston County,322
NC,Jones County,322
NC,Lee County,322
NC,Lenoir County,322
NC,Lincoln County,322
NC,McDowell County,322
NC,Macon County,322
NC,Madison County,322
NC,Martin County,322
NC,Mecklenburg County,322
NC,Mitchell County,322
NC,Montgomery County,322
NC,Moore County,322
NC,Nash County,322
NC,New Hanover County,322
NC,Northampton County,322
NC,Onslow County,322
NC,Orange County,322
NC,Pamlico County,322
NC,Pasquotank County,322
NC,Pender County,322
NC,Perquimans County,322
NC,Person County,322
NC,Pitt County,322
NC,Polk County,322
NC,Randolph County,322
NC,Richmond County,322
NC,Robeson County,322
NC,Rockingham County,322
NC,Rowan County,322
NC,Rutherford County,322
NC,Sampson County,322
NC,Scotland County,322
NC,Stanly County,322
NC,Stokes County,322
NC,Surry County,322
NC,Swain County,322
NC,Transylvania County,322
NC,Tyrrell County,322
NC,Union County,322
NC,Vance County,322
NC,Wake County,322
NC,Warren County,322
NC,Washington County,322
NC,Watauga County,322
NC,Wayne County,322
NC,Wilkes County,322
NC,Wilson County,322
NC,Yadkin County,322
NC,Yancey County,322
ND,Adams County,66
ND,Barnes County,66
ND,Benson County,66
ND,Billings County,66
ND,Bottineau County,66
ND,Bowman County,66
ND,Burke County,66
ND,Burleigh County,66
ND,Cass County,66
ND,Cavalier County,66
ND,Dickey County,66
ND,Divide County,66
ND,Dunn County,66
ND,Eddy County,66
ND,Emmons County,66
ND,Foster County,66
ND,Golden Valley County,66
ND,Grand Forks County,66
ND,Grant County,66
ND,Griggs County,66
ND,Hettinger County,66
ND,Kidder County,66
ND,LaMoure County,66
ND,Logan County,66
ND,McHenry County,66
ND,McIntosh County,66
ND,McKenzie County,66
ND,McLean County,66
ND,Mercer County,66
ND,Morton County,66
ND,Mountrail County,66
ND,Nelson County,66
ND,Oliver County,66
ND,Pembina County,66
ND,Pierce County,66
ND,Ramsey County,66
ND,Ransom County,66
ND,Renville County,66
ND,Richland County,66
ND,Rolette County,66
ND,Sargent County,66
ND,Sheridan County,66
ND,Sioux County,66
ND,Slope County,66
ND,Stark County,66
ND,Steele County,66
ND,Stutsman County,66
ND,Towner County,66
ND,Traill County,66
ND,Walsh County,66
ND,Ward County,66
ND,Wells County,66
ND,Williams County,66
OH,Adams County,314
OH,Allen County,320
OH,Ashland County,314
OH,Ashtabula County,314
OH,Athens County,320
OH,Auglaize County,314
OH,Belmont County,314
OH,Brown County,314
OH,Butler County,329
OH,Carroll County,314
OH,Champaign County,314
OH,Clark County,314
OH,Clermont County,327
OH,Clinton County,314
OH,Columbiana County,314
OH,Coshocton County,314
OH,Crawford County,314
OH,Cuyahoga County,329
OH,Darke County,314
OH,Defiance County,314
OH,Delaware County,320
OH,Erie County,314
OH,Fairfield County,327
OH,Fayette County,314
OH,Franklin County,329
OH,Fulton County,314
OH,Gallia County,314
OH,Geauga County,314
OH,Greene County,314
OH,Guernsey County,314
OH,Hamilton County,329
OH,Hancock County,314
OH,Hardin County,314
OH,Harrison County,314
OH,Henry County,314
OH,Highland County,314
OH,Hocking County,314
OH,Holmes County,314
OH,Huron County,329
OH,Jackson County,314
OH,Jefferson County,314
OH,Knox County,314
OH,Lake County,314
OH,Lawrence County,314
OH,Licking County,320
OH,Logan County,314
OH,Lorain County,327
OH,Lucas County,320
OH,Madison County,314
OH,Mahoning County,314
OH,Marion County,314
OH,Medina County,314
OH,Meigs County,314
OH,Mercer County,314
OH,Miami County,314
OH,Monroe County,314
OH,Montgomery County,329
OH,Morgan County,314
OH,Morrow County,314
OH,Muskingum County,314
OH,Noble County,314
OH,Ottawa County,314
OH,Paulding County,314
OH,Perry County,314
OH,Pickaway County,327
OH,Pike County,314
OH,Portage County,314
OH,Preble County,314
OH,Putnam County,314
OH,Richland County,320
OH,Ross County,314
OH,Sandusky County,314
OH,Scioto County,320
OH,Seneca County,314
OH,Shelby County,314
OH,Stark County,314
OH,Summit County,327
OH,Trumbull County,329
OH,Tuscarawas County,314
OH,Union County,320
OH,Van Wert County,314
OH,Vinton County,314
OH,Warren County,314
OH,Washington County,314
OH,Wayne County,314
OH,Williams County,314
OH,Wood County,327
OH,Wyandot County,314
OR,Baker County,367
OR,Benton County,367
OR,Clackamas County,367
OR,Clatsop County,367
OR,Columbia County,367
OR,Coos County,367
OR,Crook County,367
OR,Curry County,367
OR,Deschutes County,367
OR,Douglas County,367
OR,Gilliam County,367
OR,Grant County,367
OR,Harney County,367
OR,Hood River County,367
OR,Jackson County,367
OR,Jefferson County,367
OR,Josephine County,367
OR,Klamath County,367
OR,Lake County,367
OR,Lane County,367
OR,Lincoln County,367
OR,Linn County,367
OR,Malheur County,367
OR,Marion County,367
OR,Morrow County,367
OR,Multnomah County,367
OR,Polk County,367
OR,Sherman County,367
OR,Tillamook County,367
OR,Umatilla County,367
OR,Union County,367
OR,Wallowa County,367
OR,Wasco County,367
OR,Washington County,367
OR,Wheeler County,367
OR,Yamhill County,367
PA,Adams County,435
PA,Allegheny County,435
PA,Armstrong County,435
PA,Beaver County,435
PA,Bedford County,435
PA,Berks County,435
PA,Blair County,435
PA,Bradford County,435
PA,Bucks County,435
PA,Butler County,435
PA,Cambria County,435
PA,Cameron County,435
PA,Carbon County,435
PA,Centre County,435
PA,Chester County,435
PA,Clarion County,435
PA,Clearfield County,435
PA,Clinton County,435
PA,Columbia County,435
PA,Crawford County,435
PA,Cumberland County,435
PA,Dauphin County,435
PA,Delaware County,435
PA,Elk County,435
PA,Erie County,435
PA,Fayette County,435
PA,Forest County,435
PA,Franklin County,435
PA,Fulton County,435
PA,Greene County,435
PA,Huntingdon County,435
PA,Indiana County,435
PA,Jefferson County,435
PA,Juniata County,435
PA,Lackawanna County,435
PA,Lancaster County,435
PA,Lawrence County,435
PA,Lebanon County,435
PA,Lehigh County,435
PA,Luzerne County,435
PA,Lycoming County,435
PA,McKean County,435
PA,Mercer County,435
PA,Mifflin County,435
PA,Monroe County,435
PA,Montgomery County,435
PA,Montour County,435
PA,Northampton County,435
PA,Northumberland County,435
PA,Perry County,435
PA,Philadelphia County,435
PA,Pike County,435
PA,Potter County,435
PA,Schuylkill County,435
PA,Snyder County,435
PA,Somerset County,435
PA,Sullivan County,435
PA,Susquehanna County,435
PA,Tioga County,435
PA,Union County,435
PA,Venango County,435
PA,Warren County,435
PA,Washington County,435
PA,Wayne County,435
PA,Westmoreland County,435
PA,Wyoming County,435
PA,York County,435
RI,Bristol County,424
RI,Kent County,424
RI,Newport County,424
RI,Providence County,424
RI,Washington County,424
TX,Anderson County,250
TX,Andrews County,250
TX,Angelina County,250
TX,Aransas County,250
TX,Archer County,250
TX,Armstrong County,250
TX,Atascosa County,250
TX,Austin County,250
TX,Bailey County,250
TX,Bandera County,250
TX,Bastrop County,250
TX,Baylor County,250
TX,Bee County,250
TX,Bell County,250
TX,Bexar County,250
TX,Blanco County,250
TX,Borden County,250
TX,Bosque County,250
TX,Bowie County,250
TX,Brazoria County,250
TX,Brazos County,250
TX,Brewster County,250
TX,Briscoe County,250
TX,Brooks County,250
TX,Brown County,250
TX,Burleson County,250
TX,Burnet County,250
TX,Caldwell County,250
TX,Calhoun County,250
TX,Callahan County,250
TX,Cameron County,250
TX,Camp County,250
TX,Carson County,250
TX,Cass County,250
TX,Castro County,250
TX,Chambers County,250
TX,Cherokee County,250
TX,Childress County,250
TX,Clay County,250
TX,Cochran County,250
TX,Coke County,250
TX,Coleman County,250
TX,Collin County,250
TX,Collingsworth County,250
TX,Colorado County,250
TX,Comal County,250
TX,Comanche County,250
TX,Concho County,250
TX,Cooke County,250
TX,Coryell County,250
TX,Cottle County,250
TX,Crane County,250
TX,Crockett County,250
TX,Crosby County,250
TX,Culberson County,250
TX,Dallam County,250
TX,Dallas County,250
TX,Dawson County,250
TX,Deaf Smith County,250
TX,Delta County,250
TX,Denton County,250
TX,DeWitt County,250
TX,Dickens County,250
TX,Dimmit County,250
TX,Donley County,250
TX,Duval County,250
TX,Eastland County,250
TX,Ector County,250
TX,Edwards County,250
TX,Ellis County,250
TX,El Paso County,250
TX,Erath County,250
TX,Falls County,250
TX,Fannin County,250
TX,Fayette County,250
TX,Fisher County,250
TX,Floyd County,250
TX,Foard County,250
TX,Fort Bend County,250
TX,Franklin County,250
TX,Freestone County,250
TX,Frio County,250
TX,Gaines County,250
TX,Galveston County,250
TX,Garza County,250
TX,Gillespie County,250
TX,Glasscock County,250
TX,Goliad County,250
TX,Gonzales County,250
TX,Gray County,250
TX,Grayson County,250
TX,Gregg County,250
TX,Grimes County,250
TX,Guadalupe County,250
TX,Hale County,250
TX,Hall County,250
TX,Hamilton County,250
TX,Hansford County,250
TX,Hardeman County,250
TX,Hardin County,250
TX,Harris County,250
TX,Harrison County,250
TX,Hartley County,250
TX,Haskell County,250
TX,Hays County,250
TX,Hemphill County,250
TX,Henderson County,250
TX,Hidalgo County,250
TX,Hill County,250
TX,Hockley County,250
TX,Hood County,250
TX,Hopkins County,250
TX,Houston County,250
TX,Howard County,250
TX,Hudspeth County,250
TX,Hunt County,250
TX,Hutchinson County,250
TX,Irion County,250
TX,Jack County,250
TX,Jackson County,250
TX,Jasper County,250
TX,Jeff Davis County,250
TX,Jefferson County,250
TX,Jim Hogg County,250
TX,Jim Wells County,250
TX,Johnson County,250
TX,Jones County,250
TX,Karnes County,250
TX,Kaufman County,250
TX,Kendall County,250
TX,Kenedy County,250
TX,Kent County,250
TX,Kerr County,250
TX,Kimble County,250
TX,King County,250
TX,Kinney County,250
TX,Kleberg County,250
TX,Knox County,250
TX,Lamar County,250
TX,Lamb County,250
TX,Lampasas County,250
TX,La Salle County,250
TX,Lavaca County,250
TX,Lee County,250
TX,Leon County,250
TX,Liberty County,250
TX,Limestone County,250
TX,Lipscomb County,250
TX,Live Oak County,250
TX,Llano County,250
TX,Loving County,250
TX,Lubbock County,250
TX,Lynn County,250
TX,McCulloch County,250
TX,McLennan County,250
TX,McMullen County,250
TX,Madison County,250
TX,Marion County,250
TX,Martin County,250
TX,Mason County,250
TX,Matagorda County,250
TX,Maverick County,250
TX,Medina County,250
TX,Menard County,250
TX,Midland County,250
TX,Milam County,250
TX,Mills County,250
TX,Mitchell County,250
TX,Montague County,250
TX,Montgomery County,250
TX,Moore County,250
TX,Morris County,250
TX,Motley County,250
TX,Nacogdoches County,250
TX,Navarro County,250
TX,Newton County,250
TX,Nolan County,250
TX,Nueces County,250
TX,Ochiltree County,250
TX,Oldham County,250
TX,Orange County,250
TX,Palo Pinto County,250
TX,Panola County,250
TX,Parker County,250
TX,Parmer County,250
TX,Pecos County,250
TX,Polk County,250
TX,Potter County,250
TX,Presidio County,250
TX,Rains County,250
TX,Randall County,250
TX,Reagan County,250
TX,Real County,250
TX,Red River County,250
TX,Reeves County,250
TX,Refugio County,250
TX,Roberts County,250
TX,Robertson County,250
TX,Rockwall County,250
TX,Runnels County,250
TX,Rusk County,250
TX,Sabine County,250
TX,San Augustine County,250
TX,San Jacinto County,250
TX,San Patricio County,250
TX,San Saba County,250
TX,Schleicher County,250
TX,Scurry County,250
TX,Shackelford County,250
TX,Shelby County,250
TX,Sherman County,250
TX,Smith County,250
TX,Somervell County,250
TX,Starr County,250
TX,Stephens County,250
TX,Sterling County,250
TX,Stonewall County,250
TX,Sutton County,250
TX,Swisher County,250
TX,Tarrant County,250
TX,Taylor County,250
TX,Terrell County,250
TX,Terry County,250
TX,Throckmorton County,250
TX,Titus County,250
TX,Tom Green County,250
TX,Travis County,250
TX,Trinity County,250
TX,Tyler County,250
TX,Upshur County,250
TX,Upton County,250
TX,Uvalde County,250
TX,Val Verde County,250
TX,Van Zandt County,250
TX,Victoria County,250
TX,Walker County,250
TX,Waller County,250
TX,Ward County,250
TX,Washington County,250
TX,Webb County,250
TX,Wharton County,250
TX,Wheeler County,250
TX,Wichita County,250
TX,Wilbarger County,250
TX,Willacy County,250
TX,Williamson County,250
TX,Wilson County,250
TX,Winkler County,250
TX,Wise County,250
TX,Wood County,250
TX,Yoakum County,250
TX,Young County,250
TX,Zapata County,250
TX,Zavala County,250
UT,Beaver County,170
UT,Box Elder County,178
UT,Cache County,178
UT,Carbon County,178
UT,Daggett County,160
UT,Davis County,178
UT,Duchesne County,170
UT,Emery County,170
UT,Garfield County,178
UT,Grand County,178
UT,Iron County,168
UT,Juab County,178
UT,Kane County,160
UT,Millard County,178
UT,Morgan County,178
UT,Piute County,160
UT,Rich County,160
UT,Salt Lake County,178
UT,San Juan County,178
UT,Sanpete County,178
UT,Sevier County,178
UT,Summit County,178
UT,Tooele County,178
UT,Uintah County,178
UT,Utah County,178
UT,Wasatch County,178
UT,Washington County,178
UT,Wayne County,160
UT,Weber County,178
VT,Addison County,317
VT,Bennington County,317
VT,Caledonia County,317
VT,Chittenden County,317
VT,Essex County,317
VT,Franklin County,317
VT,Grand Isle County,317
VT,Lamoille County,317
VT,Orange County,317
VT,Orleans County,317
VT,Rutland County,317
VT,Washington County,317
VT,Windham County,317
VT,Windsor County,317
VA,Accomack County,351
VA,Albemarle County,351
VA,Alleghany County,351
VA,Amelia County,351
VA,Amherst County,351
VA,Appomattox County,351
VA,Arlington County,351
VA,Augusta County,351
VA,Bath County,351
VA,Bedford County,351
VA,Bland County,351
VA,Botetourt County,351
VA,Brunswick County,351
VA,Buchanan County,351
VA,Buckingham County,351
VA,Campbell County,351
VA,Caroline County,351
VA,Carroll County,351
VA,Charles City County,351
VA,Charlotte County,351
VA,Chesterfield County,351
VA,Clarke County,351
VA,Craig County,351
VA,Culpeper County,351
VA,Cumberland County,351
VA,Dickenson County,351
VA,Dinwiddie County,351
VA,Essex County,351
VA,Fairfax County,351
VA,Fauquier County,351
VA,Floyd County,351
VA,Fluvanna County,351
VA,Franklin County,351
VA,Frederick County,351
VA,Giles County,351
VA,Gloucester County,351
VA,Goochland County,351
VA,Grayson County,351
VA,Greene County,351
VA,Greensville County,351
VA,Halifax County,351
VA,Hanover County,351
VA,Henrico County,351
VA,Henry County,351
VA,Highland County,351
VA,Isle of Wight County,351
VA,James City County,351
VA,King and Queen County,351
VA,King George County,351
VA,King William County,351
VA,Lancaster County,351
VA,Lee County,351
VA,Loudoun County,351
VA,Louisa County,351
VA,Lunenburg County,351
VA,Madison County,351
VA,Mathews County,351
VA,Mecklenburg County,351
VA,Middlesex County,351
VA,Montgomery County,351
VA,Nelson County,351
VA,New Kent County,351
VA,Northampton County,351
VA,Northumberland County,351
VA,Nottoway County,351
VA,Orange County,351
VA,Page County,351
VA,Patrick County,351
VA,Pittsylvania County,351
VA,Powhatan County,351
VA,Prince Edward County,351
VA,Prince George County,351
VA,Prince William County,351
VA,Pulaski County,351
VA,Rappahannock County,351
VA,Richmond County,351
VA,Roanoke County,351
VA,Rockbridge County,351
VA,Rockingham County,351
VA,Russell County,351
VA,Scott County,351
VA,Shenandoah County,351
VA,Smyth County,351
VA,Southampton County,351
VA,Spotsylvania County,351
VA,Stafford County,351
VA,Surry County,351
VA,Sussex County,351
VA,Tazewell County,351
VA,Warren County,351
VA,Washington County,351
VA,Westmoreland County,351
VA,Wise County,351
VA,Wythe County,351
VA,York County,351
VA,Alexandria city,351
VA,Bristol city,351
VA,Buena Vista city,351
VA,Charlottesville city,351
VA,Chesapeake city,351
VA,Colonial Heights city,351
VA,Covington city,351
VA,Danville city,351
VA,Emporia city,351
VA,Fairfax city,351
VA,Falls Church city,351
VA,Franklin city,351
VA,Fredericksburg city,351
VA,Galax city,351
VA,Hampton city,351
VA,Harrisonburg city,351
VA,Hopewell city,351
VA,Lexington city,351
VA,Lynchburg city,351
VA,Manassas city,351
VA,Manassas Park city,351
VA,Martinsville city,351
VA,Newport News city,351
VA,Norfolk city,351
VA,Norton city,351
VA,Petersburg city,351
VA,Poquoson city,351
VA,Portsmouth city,351
VA,Radford city,351
VA,Richmond city,351
VA,Roanoke city,351
VA,Salem city,351
VA,Staunton city,351
VA,Suffolk city,351
VA,Virginia Beach city,351
VA,Waynesboro city,351
VA,Williamsburg city,351
VA,Winchester city,351
WA,Adams County,416
WA,Asotin County,416
WA,Benton County,416
WA,Chelan County,416
WA,Clallam County,416
WA,Clark County,416
WA,Columbia County,416
WA,Cowlitz County,416
WA,Douglas County,416
WA,Ferry County,416
WA,Franklin County,416
WA,Garfield County,416
WA,Grant County,416
WA,Grays Harbor County,416
WA,Island County,416
WA,Jefferson County,416
WA,King County,416
WA,Kitsap County,416
WA,Kittitas County,416
WA,Klickitat County,416
WA,Lewis County,416
WA,Lincoln County,416
WA,Mason County,416
WA,Okanogan County,416
WA,Pacific County,416
WA,Pend Oreille County,416
WA,Pierce County,416
WA,San Juan County,416
WA,Skagit County,416
WA,Skamania County,416
WA,Snohomish County,416
WA,Spokane County,416
WA,Stevens County,416
WA,Thurston County,416
WA,Wahkiakum County,416
WA,Walla Walla County,416
WA,Whatcom County,416
WA,Whitman County,416
WA,Yakima County,416
WV,Barbour County,348
WV,Berkeley County,348
WV,Boone County,348
WV,Braxton County,348
WV,Brooke County,348
WV,Cabell County,348
WV,Calhoun County,348
WV,Clay County,348
WV,Doddridge County,348
WV,Fayette County,348
WV,Gilmer County,348
WV,Grant County,348
WV,Greenbrier County,348
WV,Hampshire County,348
WV,Hancock County,348
WV,Hardy County,348
WV,Harrison County,348
WV,Jackson County,348
WV,Jefferson County,348
WV,Kanawha County,348
WV,Lewis County,348
WV,Lincoln County,348
WV,Logan County,348
WV,McDowell County,348
WV,Marion County,348
WV,Marshall County,348
WV,Mason County,348
WV,Mercer County,348
WV,Mineral County,348
WV,Mingo County,348
WV,Monongalia County,348
WV,Monroe County,348
WV,Morgan County,348
WV,Nicholas County,348
WV,Ohio County,348
WV,Pendleton County,348
WV,Pleasants County,348
WV,Pocahontas County,348
WV,Preston County,348
WV,Putnam County,348
WV,Raleigh County,348
WV,Randolph County,348
WV,Ritchie County,348
WV,Roane County,348
WV,Summers County,348
WV,Taylor County,348
WV,Tucker County,348
WV,Tyler County,348
WV,Upshur County,348
WV,Wayne County,348
WV,Webster County,348
WV,Wetzel County,348
WV,Wirt County,348
WV,Wood County,348
WV,Wyoming County,348
WI,Adams County,242
WI,Ashland County,242
WI,Barron County,242
WI,Bayfield County,242
WI,Brown County,242
WI,Buffalo County,242
WI,Burnett County,242
WI,Calumet County,242
WI,Chippewa County,242
WI,Clark County,242
WI,Columbia County,242
WI,Crawford County,242
WI,Dane County,242
WI,Dodge County,242
WI,Door County,242
WI,Douglas County,242
WI,Dunn County,242
WI,Eau Claire County,242
WI,Florence County,242
WI,Fond du Lac County,242
WI,Forest County,242
WI,Grant County,242
WI,Green County,242
WI,Green Lake County,242
WI,Iowa County,242
WI,Iron County,242
WI,Jackson County,242
WI,Jefferson County,242
WI,Juneau County,242
WI,Kenosha County,242
WI,Kewaunee County,242
WI,La Crosse County,242
WI,Lafayette County,242
WI,Langlade County,242
WI,Lincoln County,242
WI,Manitowoc County,242
WI,Marathon County,242
WI,Marinette County,242
WI,Marquette County,242
WI,Menominee County,242
WI,Milwaukee County,242
WI,Monroe County,242
WI,Oconto County,242
WI,Oneida County,242
WI,Outagamie County,242
WI,Ozaukee County,242
WI,Pepin County,242
WI,Pierce County,242
WI,Polk County,242
WI,Portage County,242
WI,Price County,242
WI,Racine County,242
WI,Richland County,242
WI,Rock County,242
WI,Rusk County,242
WI,St. Croix County,242
WI,Sauk County,242
WI,Sawyer County,242
WI,Shawano County,242
WI,Sheboygan County,242
WI,Taylor County,242
WI,Trempealeau County,242
WI,Vernon County,242
WI,Vilas County,242
WI,Walworth County,242
WI,Washburn County,242
WI,Washington County,242
WI,Waukesha County,242
WI,Waupaca County,242
WI,Waushara County,242
WI,Winnebago County,242
WI,Wood County,242
GU,Guam,466
PR,Adjuntas Municipio,490
PR,Aguada Municipio,490
PR,Aguadilla Municipio,490
PR,Aguas Buenas Municipio,490
PR,Aibonito Municipio,490
PR,Añasco Municipio,490
PR,Arecibo Municipio,490
PR,Arroyo Municipio,490
PR,Barceloneta Municipio,490
PR,Barranquitas Municipio,490
PR,Bayamón Municipio,490
PR,Cabo Rojo Municipio,490
PR,Caguas Municipio,490
PR,Camuy Municipio,490
PR,Canóvanas Municipio,490
PR,Carolina Municipio,490
PR,Cataño Municipio,490
PR,Cayey Municipio,490
PR,Ceiba Municipio,490
PR,Ciales Municipio,490
PR,Cidra Municipio,490
PR,Coamo Municipio,490
PR,Comerío Municipio,490
PR,Corozal Municipio,490
PR,Culebra Municipio,490
PR,Dorado Municipio,490
PR,Fajardo Municipio,490
PR,Florida Municipio,490
PR,Guánica Municipio,490
PR,Guayama Municipio,490
PR,Guayanilla Municipio,490
PR,Guaynabo Municipio,490
PR,Gurabo Municipio,490
PR,Hatillo Municipio,490
PR,Hormigueros Municipio,490
PR,Humacao Municipio,490
PR,Isabela Municipio,490
PR,Jayuya Municipio,490
PR,Juana Díaz Municipio,490
PR,Juncos Municipio,490
PR,Lajas Municipio,490
PR,Lares Municipio,490
PR,Las Marías Municipio,490
PR,Las Piedras Municipio,490
PR,Loíza Municipio,490
PR,Luquillo Municipio,490
PR,Manatí Municipio,490
PR,Maricao Municipio,490
PR,Maunabo Municipio,490
PR,Mayagüez Municipio,490
PR,Moca Municipio,490
PR,Morovis Municipio,490
PR,Naguabo Municipio,490
PR,Naranjito Municipio,490
PR,Orocovis Municipio,490
PR,Patillas Municipio,490
PR,Peñuelas Municipio,490
PR,Ponce Municipio,490
PR,Quebradillas Municipio,490
PR,Rincón Municipio,490
PR,Río Grande Municipio,490
PR,Sabana Grande Municipio,490
PR,Salinas Municipio,490
PR,San Germán Municipio,490
PR,San Juan Municipio,490
PR,San Lorenzo Municipio,490
PR,San Sebastián Municipio,490
PR,Santa Isabel Municipio,490
PR,Toa Alta Municipio,490
PR,Toa Baja Municipio,490
PR,Trujillo Alto Municipio,490
PR,Utuado Municipio,490
PR,Vega Alta Municipio,490
PR,Vega Baja Municipio,490
PR,Vieques Municipio,490
PR,Villalba Municipio,490
PR,Yabucoa Municipio,490
PR,Yauco Municipio,490
VI,St. Croix Island,469
VI,St. John Island,469
VI,St. Thomas Island,469
WY,Albany County,66
WY,Big Horn County,66
WY,Campbell County,66
WY,Carbon County,66
WY,Converse County,66
WY,Crook County,66
WY,Fremont County,66
WY,Goshen County,66
WY,Hot Springs County,66
WY,Johnson County,66
WY,Laramie County,66
WY,Lincoln County,66
WY,Natrona County,66
WY,Niobrara County,66
WY,Park County,66
WY,Platte County,66
WY,Sheridan County,66
WY,Sublette County,66
WY,Sweetwater County,66
WY,Teton County,66
WY,Uinta County,66
WY,Washakie County,66
WY,Weston County,66
AS,Eastern District,18
AS,Manu'a District,18
AS,Rose Island,18
AS,Swains Island,18
AS,Western District,18
